prefecture,municipality,chome,zip_code,latitude,longitude
大阪府,大阪市住之江区,1丁目,0083822,41.37661,133.26586
大阪府,大阪市住之江区,2丁目,0044866,35.81838,141.84867
大阪府,大阪市住之江区,2丁目,0060703,35.81838,141.84867
大阪府,大阪市住之江区,2丁目,0071497,35.81838,141.84867
大阪府,大阪市住之江区,5丁目,0034763,40.94583,134.65311
大阪府,大阪市住吉区,5丁目,0033673,36.11446,135.07158
大阪府,大阪市城東区,2丁目,0064896,36.25204,143.79801
大阪府,大阪市城東区,3丁目,0047083,41.67603,133.14648
大阪府,大阪市城東区,5丁目,0083442,42.09746,145.70735
大阪府,大阪市大正区,4丁目,0013541,42.96258,144.588
大阪府,大阪市天王寺区,1丁目,0098513,41.14467,138.18482
大阪府,大阪市天王寺区,1丁目,0099101,41.14467,138.18482
大阪府,大阪市天王寺区,3丁目,0083409,41.00747,144.92848
大阪府,大阪市平野区,2丁目,0052014,39.72641,145.43133
大阪府,大阪市旭区,1丁目,0020160,41.10217,144.33682
大阪府,大阪市旭区,3丁目,0095461,38.96287,135.54332
大阪府,大阪市旭区,5丁目,0080273,42.13011,145.43231
大阪府,大阪市東住吉区,2丁目,0083189,42.61031,132.14452
大阪府,大阪市東住吉区,5丁目,0034069,39.35,139.30775
大阪府,大阪市東成区,2丁目,0042566,33.36392,129.36782
大阪府,大阪市東成区,5丁目,0017119,37.50563,140.22417
大阪府,大阪市浪速区,1丁目,0010537,34.00921,145.8
大阪府,大阪市淀川区,3丁目,0042933,42.63839,139.25416
大阪府,大阪市港区,2丁目,0032289,40.93325,130.40034
大阪府,大阪市港区,3丁目,0067038,36.50294,132.0654
大阪府,大阪市港区,5丁目,0066918,41.24845,140.3586
大阪府,大阪市港区,5丁目,0085948,41.24845,140.3586
大阪府,大阪市生野区,1丁目,0053018,38.606,129.21142
大阪府,大阪市生野区,5丁目,0095845,34.09058,138.37154
大阪府,大阪市福島区,1丁目,0067112,42.49765,138.85482
大阪府,大阪市福島区,1丁目,0071714,42.49765,138.85482
大阪府,大阪市西区,2丁目,0018441,36.7014,145.66878
大阪府,大阪市西区,4丁目,0082642,34.89391,132.1744
大阪府,大阪市西成区,2丁目,0057838,33.45234,138.75572
大阪府,大阪市西淀川区,4丁目,0053981,41.03179,136.61548
大阪府,大阪市阿倍野区,4丁目,0031000,39.18369,133.25861
大阪府,大阪市阿倍野区,5丁目,0068407,35.60492,142.68547
大阪府,大阪市鶴見区,4丁目,0050646,42.08113,137.57968
東京都,中野区,2丁目,0033441,38.406,135.65203
東京都,中野区,4丁目,0078679,37.76597,138.91749
東京都,台東区,4丁目,0084181,38.75953,135.65056
東京都,品川区,2丁目,0097925,41.95039,139.02662
東京都,墨田区,2丁目,0097691,35.50687,139.14545
東京都,大田区,1丁目,0064047,37.71625,135.96839
東京都,文京区,4丁目,0045204,33.22783,136.23552
東京都,新宿区,4丁目,0064899,34.99356,135.09544
東京都,新宿区,5丁目,0046321,42.18482,131.88022
東京都,板橋区,1丁目,0017104,37.76531,130.52701
東京都,江戸川区,4丁目,0039745,41.98173,144.6924
東京都,江東区,5丁目,0095849,37.20572,133.40158
東京都,渋谷区,1丁目,0077434,34.17134,132.74783
東京都,渋谷区,4丁目,0070595,33.58051,140.49543
東京都,港区,3丁目,0083097,42.10016,138.08137
東京都,目黒区,5丁目,0031951,40.57604,143.9051
東京都,葛飾区,3丁目,0079779,38.75651,133.9356
東京都,豊島区,1丁目,0048337,38.03637,129.66944
東京都,豊島区,3丁目,0090293,34.46358,140.8604
東京都,足立区,1丁目,0016849,34.015,133.41864
東京都,足立区,1丁目,0061999,34.015,133.41864
東京都,足立区,4丁目,0053771,38.87617,136.56481
神奈川県,横浜市中区,2丁目,0015475,41.11629,143.44126
神奈川県,横浜市中区,2丁目,0016506,41.11629,143.44126
神奈川県,横浜市中区,5丁目,0092120,41.98838,140.62773
神奈川県,横浜市保土ケ谷区,1丁目,0052206,33.80446,134.44093
神奈川県,横浜市保土ケ谷区,1丁目,0082673,33.80446,134.44093
神奈川県,横浜市保土ケ谷区,4丁目,0027023,34.23895,132.5798
神奈川県,横浜市南区,2丁目,0010370,40.31598,143.25155
神奈川県,横浜市南区,3丁目,0082516,33.45696,133.77501
神奈川県,横浜市南区,5丁目,0058073,35.4013,145.2032
神奈川県,横浜市旭区,3丁目,0030081,40.05283,133.68578
神奈川県,横浜市旭区,4丁目,0037932,40.41574,134.71058
神奈川県,横浜市栄区,1丁目,0097946,42.23381,143.32182
神奈川県,横浜市栄区,4丁目,0022026,41.45425,134.81931
神奈川県,横浜市栄区,5丁目,0051509,34.91067,138.64768
神奈川県,横浜市泉区,3丁目,0041239,38.48699,129.23871
神奈川県,横浜市泉区,4丁目,0026240,41.44422,141.88522
神奈川県,横浜市泉区,4丁目,0051739,41.44422,141.88522
神奈川県,横浜市瀬谷区,1丁目,0043570,37.34172,139.38508
神奈川県,横浜市磯子区,2丁目,0014770,35.38616,145.44818
神奈川県,横浜市磯子区,4丁目,0056035,38.07941,144.85818
神奈川県,横浜市神奈川区,1丁目,0041561,37.42314,131.97193
神奈川県,横浜市神奈川区,2丁目,0046196,40.83799,134.15632
神奈川県,横浜市神奈川区,2丁目,0079849,40.83799,134.15632
神奈川県,横浜市神奈川区,3丁目,0016189,39.80589,129.45385
神奈川県,横浜市神奈川区,4丁目,0069869,33.01143,137.39082
神奈川県,横浜市神奈川区,5丁目,0059245,40.06561,138.3065
神奈川県,横浜市緑区,2丁目,0026731,37.72143,130.71192
神奈川県,横浜市緑区,3丁目,0016366,38.69113,137.6462
神奈川県,横浜市緑区,4丁目,0085563,39.12783,137.26955
神奈川県,横浜市緑区,5丁目,0010205,38.11275,135.88388
神奈川県,横浜市緑区,5丁目,0019335,38.11275,135.88388
神奈川県,横浜市都筑区,5丁目,0051260,41.15913,130.71033
神奈川県,横浜市金沢区,2丁目,0065082,39.30147,143.36632
神奈川県,横浜市金沢区,4丁目,0034259,36.10148,141.40714
神奈川県,横浜市金沢区,5丁目,0040861,40.19705,135.78
神奈川県,横浜市鶴見区,1丁目,0039046,35.43036,141.43532
神奈川県,横浜市鶴見区,1丁目,0079486,35.43036,141.43532
神奈川県,横浜市鶴見区,2丁目,0019853,37.7701,143.71027
神奈川県,横浜市鶴見区,3丁目,0025338,35.20829,139.99774
神奈川県,横浜市鶴見区,4丁目,0049128,39.12773,140.16321
