zip_code,address,latitude,longitude
0051739,神奈川県横浜市泉区4丁目,35.417,139.487
0095849,東京都江東区5丁目,35.67,139.82
0010205,神奈川県横浜市緑区5丁目,35.517,139.54
0046196,神奈川県横浜市神奈川区2丁目,35.475,139.633
0078679,東京都中野区4丁目,35.707,139.665
0050646,大阪府大阪市鶴見区4丁目,34.711,135.567
0044866,大阪府大阪市住之江区2丁目,34.612,135.475
0031000,大阪府大阪市阿倍野区4丁目,34.648,135.513
0083442,大阪府大阪市城東区5丁目,34.704,135.561
0020160,大阪府大阪市旭区1丁目,34.725,135.54
0034259,神奈川県横浜市金沢区4丁目,35.331,139.619
0092120,神奈川県横浜市中区5丁目,35.444,139.642
0026731,神奈川県横浜市緑区2丁目,35.517,139.54
0043570,神奈川県横浜市瀬谷区1丁目,35.468,139.492
0080273,大阪府大阪市旭区5丁目,34.725,135.54
0019853,神奈川県横浜市鶴見区2丁目,35.508,139.681
0068407,大阪府大阪市阿倍野区5丁目,34.648,135.513
0041239,神奈川県横浜市泉区3丁目,35.417,139.487
0040861,神奈川県横浜市金沢区5丁目,35.331,139.619
0066918,大阪府大阪市港区5丁目,34.664,135.448
0069869,神奈川県横浜市神奈川区4丁目,35.475,139.633
0047083,大阪府大阪市城東区3丁目,34.704,135.561
0064896,大阪府大阪市城東区2丁目,34.704,135.561
0051509,神奈川県横浜市栄区5丁目,35.363,139.546
0014770,神奈川県横浜市磯子区2丁目,35.402,139.617
0053981,大阪府大阪市西淀川区4丁目,34.718,135.468
0082673,神奈川県横浜市保土ケ谷区1丁目,35.458,139.586
0056035,神奈川県横浜市磯子区4丁目,35.402,139.617
0095845,大阪府大阪市生野区5丁目,34.653,135.544
0019335,神奈川県横浜市緑区5丁目,35.517,139.54
0059245,神奈川県横浜市神奈川区5丁目,35.475,139.633
0098513,大阪府大阪市天王寺区1丁目,34.666,135.52
0042933,大阪府大阪市淀川区3丁目,34.721,135.498
0053771,東京都足立区4丁目,35.775,139.804
0095461,大阪府大阪市旭区3丁目,34.725,135.54
0079779,東京都葛飾区3丁目,35.743,139.847
0071497,大阪府大阪市住之江区2丁目,34.612,135.475
0052206,神奈川県横浜市保土ケ谷区1丁目,35.458,139.586
0082642,大阪府大阪市西区4丁目,34.676,135.486
0049128,神奈川県横浜市鶴見区4丁目,35.508,139.681
0017104,東京都板橋区1丁目,35.751,139.709
0031951,東京都目黒区5丁目,35.641,139.698
0097946,神奈川県横浜市栄区1丁目,35.363,139.546
0039745,東京都江戸川区4丁目,35.706,139.868
0033441,東京都中野区2丁目,35.707,139.665
0030081,神奈川県横浜市旭区3丁目,35.476,139.536
0079849,神奈川県横浜市神奈川区2丁目,35.475,139.633
0016506,神奈川県横浜市中区2丁目,35.444,139.642
0097925,東京都品川区2丁目,35.609,139.73
0067112,大阪府大阪市福島区1丁目,34.695,135.486
0017119,大阪府大阪市東成区5丁目,34.675,135.544
0013541,大阪府大阪市大正区4丁目,34.659,135.472
0032289,大阪府大阪市港区2丁目,34.664,135.448
0085563,神奈川県横浜市緑区4丁目,35.517,139.54
0065082,神奈川県横浜市金沢区2丁目,35.331,139.619
0099101,大阪府大阪市天王寺区1丁目,34.666,135.52
0079486,神奈川県横浜市鶴見区1丁目,35.508,139.681
0077434,東京都渋谷区1丁目,35.664,139.698
0034763,大阪府大阪市住之江区5丁目,34.612,135.475
0051260,神奈川県横浜市都筑区5丁目,35.553,139.571
0090293,東京都豊島区3丁目,35.727,139.716
0057838,大阪府大阪市西成区2丁目,34.645,135.5
0083097,東京都港区3丁目,35.658,139.751
0060703,大阪府大阪市住之江区2丁目,34.612,135.475
0016189,神奈川県横浜市神奈川区3丁目,35.475,139.633
0034069,大阪府大阪市東住吉区5丁目,34.612,135.53
0084181,東京都台東区4丁目,35.712,139.783
0015475,神奈川県横浜市中区2丁目,35.444,139.642
0018441,大阪府大阪市西区2丁目,34.676,135.486
0042566,大阪府大阪市東成区2丁目,34.675,135.544
0083189,大阪府大阪市東住吉区2丁目,34.612,135.53
0027023,神奈川県横浜市保土ケ谷区4丁目,35.458,139.586
0083409,大阪府大阪市天王寺区3丁目,34.666,135.52
0045204,東京都文京区4丁目,35.717,139.752
0016849,東京都足立区1丁目,35.775,139.804
0025338,神奈川県横浜市鶴見区3丁目,35.508,139.681
0067038,大阪府大阪市港区3丁目,34.664,135.448
0048337,東京都豊島区1丁目,35.727,139.716
0010537,大阪府大阪市浪速区1丁目,34.663,135.501
0064899,東京都新宿区4丁目,35.693,139.703
0010370,神奈川県横浜市南区2丁目,35.434,139.619
0046321,東京都新宿区5丁目,35.693,139.703
0061999,東京都足立区1丁目,35.775,139.804
0052014,大阪府大阪市平野区2丁目,34.615,135.561
0070595,東京都渋谷区4丁目,35.664,139.698
0039046,神奈川県横浜市鶴見区1丁目,35.508,139.681
0022026,神奈川県横浜市栄区4丁目,35.363,139.546
0097691,東京都墨田区2丁目,35.71,139.801
0071714,大阪府大阪市福島区1丁目,34.695,135.486
0041561,神奈川県横浜市神奈川区1丁目,35.475,139.633
0064047,東京都大田区1丁目,35.561,139.716
0026240,神奈川県横浜市泉区4丁目,35.417,139.487
0016366,神奈川県横浜市緑区3丁目,35.517,139.54
0033673,大阪府大阪市住吉区5丁目,34.608,135.5
0083822,大阪府大阪市住之江区1丁目,34.612,135.475
0053018,大阪府大阪市生野区1丁目,34.653,135.544
0037932,神奈川県横浜市旭区4丁目,35.476,139.536
0082516,神奈川県横浜市南区3丁目,35.434,139.619
0085948,大阪府大阪市港区5丁目,34.664,135.448
0058073,神奈川県横浜市南区5丁目,35.434,139.619
