ID,ユーザーID,製品ID,小計-金額,税金額,合計ー円,数量（個）,フラグ,作成日時
P1,77,72,11.29,1.13,12.42,1,1,2024-11-19 07:03:21
P2,9,83,65.96,6.6,72.56,2,1,2025-04-14 07:03:21
P3,70,67,185.68,18.57,204.25,2,1,2025-04-29 07:03:21
P4,40,17,46.16,4.62,50.78,2,1,2024-10-13 07:03:21
P5,52,88,82.71,8.27,90.98,1,1,2024-08-23 07:03:21
P6,23,86,282.15,28.22,310.37,5,1,2025-02-17 07:03:21
P7,2,72,45.16,4.52,49.68,4,1,2024-09-08 07:03:21
P8,17,85,294.84,29.48,324.32,4,1,2024-09-06 07:03:21
P9,67,76,215.55,21.56,237.11,5,1,2025-01-16 07:03:21
P10,75,54,71.12,7.11,78.23,4,1,2025-04-26 07:03:21
P11,71,2,13.91,1.39,15.3,1,1,2025-04-30 07:03:21
P12,91,14,43.47,4.35,47.82,3,1,2024-07-30 07:03:21
P13,59,55,209.08,20.91,229.99,4,1,2025-01-14 07:03:21
P14,84,2,69.55,6.96,76.51,5,1,2025-04-21 07:03:21
P15,23,9,194.49,19.45,213.94,3,1,2025-01-22 07:03:21
P16,93,7,43.32,4.33,47.65,3,1,2024-10-17 07:03:21
P17,10,3,24.89,2.49,27.38,1,1,2024-11-28 07:03:21
P18,7,99,390.9,39.09,429.99,5,1,2024-11-07 07:03:21
P19,86,26,213.12,21.31,234.43,3,1,2024-12-23 07:03:21
P20,5,55,52.27,5.23,57.5,1,1,2025-05-01 07:03:21
